state,year,level,gender,ger
Andaman & Nicobar Islands,2022-23,Foundational,Male,64.6
Andaman & Nicobar Islands,2022-23,Foundational,Female,62.4
Andaman & Nicobar Islands,2022-23,Foundational,Total,63.5
Andaman & Nicobar Islands,2022-23,Preparatory,Male,91.8
Andaman & Nicobar Islands,2022-23,Preparatory,Female,93.6
Andaman & Nicobar Islands,2022-23,Preparatory,Total,92.7
Andaman & Nicobar Islands,2022-23,Middle,Male,93.5
Andaman & Nicobar Islands,2022-23,Middle,Female,94.7
Andaman & Nicobar Islands,2022-23,Middle,Total,94.1
Andaman & Nicobar Islands,2022-23,Secondary,Male,89.9
Andaman & Nicobar Islands,2022-23,Secondary,Female,99.3
Andaman & Nicobar Islands,2022-23,Secondary,Total,94.3
Andhra Pradesh,2022-23,Foundational,Male,44.1
Andhra Pradesh,2022-23,Foundational,Female,43.2
Andhra Pradesh,2022-23,Foundational,Total,43.6
Andhra Pradesh,2022-23,Preparatory,Male,106.7
Andhra Pradesh,2022-23,Preparatory,Female,106.7
Andhra Pradesh,2022-23,Preparatory,Total,106.7
Andhra Pradesh,2022-23,Middle,Male,102.8
Andhra Pradesh,2022-23,Middle,Female,98.5
Andhra Pradesh,2022-23,Middle,Total,100.7
Andhra Pradesh,2022-23,Secondary,Male,72.9
Andhra Pradesh,2022-23,Secondary,Female,75.1
Andhra Pradesh,2022-23,Secondary,Total,74.0
Arunachal Pradesh,2022-23,Foundational,Male,64.8
Arunachal Pradesh,2022-23,Foundational,Female,65.7
Arunachal Pradesh,2022-23,Foundational,Total,65.3
Arunachal Pradesh,2022-23,Preparatory,Male,100.1
Arunachal Pradesh,2022-23,Preparatory,Female,103.3
Arunachal Pradesh,2022-23,Preparatory,Total,101.6
Arunachal Pradesh,2022-23,Middle,Male,82.2
Arunachal Pradesh,2022-23,Middle,Female,88.8
Arunachal Pradesh,2022-23,Middle,Total,85.5
Arunachal Pradesh,2022-23,Secondary,Male,58.3
Arunachal Pradesh,2022-23,Secondary,Female,62.9
Arunachal Pradesh,2022-23,Secondary,Total,60.6
Assam,2022-23,Foundational,Male,52.2
Assam,2022-23,Foundational,Female,54.0
Assam,2022-23,Foundational,Total,53.1
Assam,2022-23,Preparatory,Male,106.6
Assam,2022-23,Preparatory,Female,112.5
Assam,2022-23,Preparatory,Total,109.4
Assam,2022-23,Middle,Male,87.3
Assam,2022-23,Middle,Female,97.0
Assam,2022-23,Middle,Total,92.1
Assam,2022-23,Secondary,Male,51.3
Assam,2022-23,Secondary,Female,60.8
Assam,2022-23,Secondary,Total,55.9
Bihar,2022-23,Foundational,Male,30.7
Bihar,2022-23,Foundational,Female,32.4
Bihar,2022-23,Foundational,Total,31.5
Bihar,2022-23,Preparatory,Male,95.0
Bihar,2022-23,Preparatory,Female,103.2
Bihar,2022-23,Preparatory,Total,98.8
Bihar,2022-23,Middle,Male,71.8
Bihar,2022-23,Middle,Female,79.4
Bihar,2022-23,Middle,Total,75.4
Bihar,2022-23,Secondary,Male,42.5
Bihar,2022-23,Secondary,Female,49.9
Bihar,2022-23,Secondary,Total,46.0
Chandigarh,2022-23,Foundational,Male,64.7
Chandigarh,2022-23,Foundational,Female,65.7
Chandigarh,2022-23,Foundational,Total,65.2
Chandigarh,2022-23,Preparatory,Male,111.3
Chandigarh,2022-23,Preparatory,Female,120.1
Chandigarh,2022-23,Preparatory,Total,115.2
Chandigarh,2022-23,Middle,Male,114.7
Chandigarh,2022-23,Middle,Female,127.8
Chandigarh,2022-23,Middle,Total,120.4
Chandigarh,2022-23,Secondary,Male,108.6
Chandigarh,2022-23,Secondary,Female,124.9
Chandigarh,2022-23,Secondary,Total,115.5
Chhattisgarh,2022-23,Foundational,Male,42.1
Chhattisgarh,2022-23,Foundational,Female,41.9
Chhattisgarh,2022-23,Foundational,Total,42.0
Chhattisgarh,2022-23,Preparatory,Male,91.5
Chhattisgarh,2022-23,Preparatory,Female,92.2
Chhattisgarh,2022-23,Preparatory,Total,91.9
Chhattisgarh,2022-23,Middle,Male,90.7
Chhattisgarh,2022-23,Middle,Female,91.8
Chhattisgarh,2022-23,Middle,Total,91.2
Chhattisgarh,2022-23,Secondary,Male,63.5
Chhattisgarh,2022-23,Secondary,Female,72.8
Chhattisgarh,2022-23,Secondary,Total,68.1
Dadra & Nagar Haveli and Daman & Diu,2022-23,Foundational,Male,52.2
Dadra & Nagar Haveli and Daman & Diu,2022-23,Foundational,Female,50.4
Dadra & Nagar Haveli and Daman & Diu,2022-23,Foundational,Total,51.4
Dadra & Nagar Haveli and Daman & Diu,2022-23,Preparatory,Male,108.1
Dadra & Nagar Haveli and Daman & Diu,2022-23,Preparatory,Female,110.4
Dadra & Nagar Haveli and Daman & Diu,2022-23,Preparatory,Total,109.1
Dadra & Nagar Haveli and Daman & Diu,2022-23,Middle,Male,108.4
Dadra & Nagar Haveli and Daman & Diu,2022-23,Middle,Female,113.1
Dadra & Nagar Haveli and Daman & Diu,2022-23,Middle,Total,110.6
Dadra & Nagar Haveli and Daman & Diu,2022-23,Secondary,Male,69.0
Dadra & Nagar Haveli and Daman & Diu,2022-23,Secondary,Female,95.9
Dadra & Nagar Haveli and Daman & Diu,2022-23,Secondary,Total,80.0
Delhi,2022-23,Foundational,Male,49.2
Delhi,2022-23,Foundational,Female,53.5
Delhi,2022-23,Foundational,Total,51.1
Delhi,2022-23,Preparatory,Male,110.6
Delhi,2022-23,Preparatory,Female,115.8
Delhi,2022-23,Preparatory,Total,112.9
Delhi,2022-23,Middle,Male,114.5
Delhi,2022-23,Middle,Female,118.8
Delhi,2022-23,Middle,Total,116.5
Delhi,2022-23,Secondary,Male,94.8
Delhi,2022-23,Secondary,Female,100.2
Delhi,2022-23,Secondary,Total,97.3
Goa,2022-23,Foundational,Male,74.8
Goa,2022-23,Foundational,Female,71.0
Goa,2022-23,Foundational,Total,72.9
Goa,2022-23,Preparatory,Male,121.2
Goa,2022-23,Preparatory,Female,121.7
Goa,2022-23,Preparatory,Total,121.4
Goa,2022-23,Middle,Male,110.9
Goa,2022-23,Middle,Female,115.6
Goa,2022-23,Middle,Total,113.1
Goa,2022-23,Secondary,Male,98.5
Goa,2022-23,Secondary,Female,106.2
Goa,2022-23,Secondary,Total,102.1
Gujarat,2022-23,Foundational,Male,35.4
Gujarat,2022-23,Foundational,Female,37.0
Gujarat,2022-23,Foundational,Total,36.1
Gujarat,2022-23,Preparatory,Male,94.9
Gujarat,2022-23,Preparatory,Female,98.8
Gujarat,2022-23,Preparatory,Total,96.7
Gujarat,2022-23,Middle,Male,94.8
Gujarat,2022-23,Middle,Female,95.1
Gujarat,2022-23,Middle,Total,95.0
Gujarat,2022-23,Secondary,Male,62.7
Gujarat,2022-23,Secondary,Female,60.9
Gujarat,2022-23,Secondary,Total,61.9
Haryana,2022-23,Foundational,Male,38.2
Haryana,2022-23,Foundational,Female,38.1
Haryana,2022-23,Foundational,Total,38.2
Haryana,2022-23,Preparatory,Male,103.7
Haryana,2022-23,Preparatory,Female,102.6
Haryana,2022-23,Preparatory,Total,103.2
Haryana,2022-23,Middle,Male,102.3
Haryana,2022-23,Middle,Female,99.9
Haryana,2022-23,Middle,Total,101.2
Haryana,2022-23,Secondary,Male,81.8
Haryana,2022-23,Secondary,Female,81.6
Haryana,2022-23,Secondary,Total,81.7
Himachal Pradesh,2022-23,Foundational,Male,61.7
Himachal Pradesh,2022-23,Foundational,Female,61.5
Himachal Pradesh,2022-23,Foundational,Total,61.6
Himachal Pradesh,2022-23,Preparatory,Male,106.9
Himachal Pradesh,2022-23,Preparatory,Female,108.0
Himachal Pradesh,2022-23,Preparatory,Total,107.4
Himachal Pradesh,2022-23,Middle,Male,100.9
Himachal Pradesh,2022-23,Middle,Female,102.9
Himachal Pradesh,2022-23,Middle,Total,101.8
Himachal Pradesh,2022-23,Secondary,Male,91.7
Himachal Pradesh,2022-23,Secondary,Female,95.0
Himachal Pradesh,2022-23,Secondary,Total,93.2
Jammu & Kashmir,2022-23,Foundational,Male,87.5
Jammu & Kashmir,2022-23,Foundational,Female,85.5
Jammu & Kashmir,2022-23,Foundational,Total,86.6
Jammu & Kashmir,2022-23,Preparatory,Male,95.9
Jammu & Kashmir,2022-23,Preparatory,Female,96.7
Jammu & Kashmir,2022-23,Preparatory,Total,96.3
Jammu & Kashmir,2022-23,Middle,Male,68.7
Jammu & Kashmir,2022-23,Middle,Female,72.3
Jammu & Kashmir,2022-23,Middle,Total,70.4
Jammu & Kashmir,2022-23,Secondary,Male,55.7
Jammu & Kashmir,2022-23,Secondary,Female,56.9
Jammu & Kashmir,2022-23,Secondary,Total,56.2
Jharkhand,2022-23,Foundational,Male,41.0
Jharkhand,2022-23,Foundational,Female,39.9
Jharkhand,2022-23,Foundational,Total,40.5
Jharkhand,2022-23,Preparatory,Male,92.4
Jharkhand,2022-23,Preparatory,Female,93.3
Jharkhand,2022-23,Preparatory,Total,92.8
Jharkhand,2022-23,Middle,Male,82.3
Jharkhand,2022-23,Middle,Female,83.2
Jharkhand,2022-23,Middle,Total,82.7
Jharkhand,2022-23,Secondary,Male,47.8
Jharkhand,2022-23,Secondary,Female,51.2
Jharkhand,2022-23,Secondary,Total,49.5
Karnataka,2022-23,Foundational,Male,48.1
Karnataka,2022-23,Foundational,Female,48.0
Karnataka,2022-23,Foundational,Total,48.0
Karnataka,2022-23,Preparatory,Male,106.9
Karnataka,2022-23,Preparatory,Female,107.9
Karnataka,2022-23,Preparatory,Total,107.4
Karnataka,2022-23,Middle,Male,106.6
Karnataka,2022-23,Middle,Female,104.8
Karnataka,2022-23,Middle,Total,105.7
Karnataka,2022-23,Secondary,Male,78.5
Karnataka,2022-23,Secondary,Female,83.3
Karnataka,2022-23,Secondary,Total,80.8
Kerala,2022-23,Foundational,Male,52.8
Kerala,2022-23,Foundational,Female,52.6
Kerala,2022-23,Foundational,Total,52.7
Kerala,2022-23,Preparatory,Male,99.2
Kerala,2022-23,Preparatory,Female,98.8
Kerala,2022-23,Preparatory,Total,99.0
Kerala,2022-23,Middle,Male,98.6
Kerala,2022-23,Middle,Female,98.6
Kerala,2022-23,Middle,Total,98.6
Kerala,2022-23,Secondary,Male,90.7
Kerala,2022-23,Secondary,Female,93.1
Kerala,2022-23,Secondary,Total,91.8
Ladakh,2022-23,Foundational,Male,87.8
Ladakh,2022-23,Foundational,Female,80.9
Ladakh,2022-23,Foundational,Total,84.3
Ladakh,2022-23,Preparatory,Male,103.6
Ladakh,2022-23,Preparatory,Female,106.0
Ladakh,2022-23,Preparatory,Total,104.8
Ladakh,2022-23,Middle,Male,82.1
Ladakh,2022-23,Middle,Female,96.1
Ladakh,2022-23,Middle,Total,88.7
Ladakh,2022-23,Secondary,Male,67.7
Ladakh,2022-23,Secondary,Female,78.7
Ladakh,2022-23,Secondary,Total,73.0
Lakshadweep,2022-23,Foundational,Male,60.8
Lakshadweep,2022-23,Foundational,Female,59.6
Lakshadweep,2022-23,Foundational,Total,60.2
Lakshadweep,2022-23,Preparatory,Male,98.1
Lakshadweep,2022-23,Preparatory,Female,93.0
Lakshadweep,2022-23,Preparatory,Total,95.5
Lakshadweep,2022-23,Middle,Male,87.0
Lakshadweep,2022-23,Middle,Female,78.3
Lakshadweep,2022-23,Middle,Total,82.5
Lakshadweep,2022-23,Secondary,Male,71.0
Lakshadweep,2022-23,Secondary,Female,72.6
Lakshadweep,2022-23,Secondary,Total,71.8
Madhya Pradesh,2022-23,Foundational,Male,35.9
Madhya Pradesh,2022-23,Foundational,Female,37.7
Madhya Pradesh,2022-23,Foundational,Total,36.7
Madhya Pradesh,2022-23,Preparatory,Male,77.5
Madhya Pradesh,2022-23,Preparatory,Female,82.2
Madhya Pradesh,2022-23,Preparatory,Total,79.7
Madhya Pradesh,2022-23,Middle,Male,83.2
Madhya Pradesh,2022-23,Middle,Female,87.4
Madhya Pradesh,2022-23,Middle,Total,85.2
Madhya Pradesh,2022-23,Secondary,Male,56.8
Madhya Pradesh,2022-23,Secondary,Female,59.2
Madhya Pradesh,2022-23,Secondary,Total,57.9
Maharashtra,2022-23,Foundational,Male,40.3
Maharashtra,2022-23,Foundational,Female,42.6
Maharashtra,2022-23,Foundational,Total,41.4
Maharashtra,2022-23,Preparatory,Male,96.2
Maharashtra,2022-23,Preparatory,Female,100.9
Maharashtra,2022-23,Preparatory,Total,98.4
Maharashtra,2022-23,Middle,Male,97.3
Maharashtra,2022-23,Middle,Female,96.3
Maharashtra,2022-23,Middle,Total,96.8
Maharashtra,2022-23,Secondary,Male,79.2
Maharashtra,2022-23,Secondary,Female,78.5
Maharashtra,2022-23,Secondary,Total,78.9
Manipur,2022-23,Foundational,Male,81.8
Manipur,2022-23,Foundational,Female,84.3
Manipur,2022-23,Foundational,Total,83.0
Manipur,2022-23,Preparatory,Male,118.9
Manipur,2022-23,Preparatory,Female,122.2
Manipur,2022-23,Preparatory,Total,120.5
Manipur,2022-23,Middle,Male,84.5
Manipur,2022-23,Middle,Female,88.1
Manipur,2022-23,Middle,Total,86.2
Manipur,2022-23,Secondary,Male,70.4
Manipur,2022-23,Secondary,Female,71.2
Manipur,2022-23,Secondary,Total,70.8
Meghalaya,2022-23,Foundational,Male,125.0
Meghalaya,2022-23,Foundational,Female,124.8
Meghalaya,2022-23,Foundational,Total,124.9
Meghalaya,2022-23,Preparatory,Male,151.0
Meghalaya,2022-23,Preparatory,Female,158.6
Meghalaya,2022-23,Preparatory,Total,154.7
Meghalaya,2022-23,Middle,Male,104.9
Meghalaya,2022-23,Middle,Female,123.9
Meghalaya,2022-23,Middle,Total,114.2
Meghalaya,2022-23,Secondary,Male,53.3
Meghalaya,2022-23,Secondary,Female,72.3
Meghalaya,2022-23,Secondary,Total,62.7
Mizoram,2022-23,Foundational,Male,98.2
Mizoram,2022-23,Foundational,Female,99.6
Mizoram,2022-23,Foundational,Total,98.8
Mizoram,2022-23,Preparatory,Male,126.9
Mizoram,2022-23,Preparatory,Female,127.8
Mizoram,2022-23,Preparatory,Total,127.3
Mizoram,2022-23,Middle,Male,106.0
Mizoram,2022-23,Middle,Female,109.7
Mizoram,2022-23,Middle,Total,107.8
Mizoram,2022-23,Secondary,Male,68.7
Mizoram,2022-23,Secondary,Female,78.9
Mizoram,2022-23,Secondary,Total,73.7
Nagaland,2022-23,Foundational,Male,76.5
Nagaland,2022-23,Foundational,Female,78.4
Nagaland,2022-23,Foundational,Total,77.4
Nagaland,2022-23,Preparatory,Male,86.1
Nagaland,2022-23,Preparatory,Female,90.1
Nagaland,2022-23,Preparatory,Total,88.0
Nagaland,2022-23,Middle,Male,66.2
Nagaland,2022-23,Middle,Female,73.2
Nagaland,2022-23,Middle,Total,69.5
Nagaland,2022-23,Secondary,Male,44.0
Nagaland,2022-23,Secondary,Female,51.9
Nagaland,2022-23,Secondary,Total,47.8
Odisha,2022-23,Foundational,Male,35.1
Odisha,2022-23,Foundational,Female,34.5
Odisha,2022-23,Foundational,Total,34.8
Odisha,2022-23,Preparatory,Male,98.9
Odisha,2022-23,Preparatory,Female,98.0
Odisha,2022-23,Preparatory,Total,98.5
Odisha,2022-23,Middle,Male,93.6
Odisha,2022-23,Middle,Female,93.1
Odisha,2022-23,Middle,Total,93.4
Odisha,2022-23,Secondary,Male,65.6
Odisha,2022-23,Secondary,Female,68.0
Odisha,2022-23,Secondary,Total,66.8
Puducherry,2022-23,Foundational,Male,65.7
Puducherry,2022-23,Foundational,Female,62.9
Puducherry,2022-23,Foundational,Total,64.3
Puducherry,2022-23,Preparatory,Male,99.3
Puducherry,2022-23,Preparatory,Female,98.7
Puducherry,2022-23,Preparatory,Total,99.1
Puducherry,2022-23,Middle,Male,99.8
Puducherry,2022-23,Middle,Female,103.6
Puducherry,2022-23,Middle,Total,101.6
Puducherry,2022-23,Secondary,Male,92.1
Puducherry,2022-23,Secondary,Female,103.9
Puducherry,2022-23,Secondary,Total,97.6
Punjab,2022-23,Foundational,Male,74.1
Punjab,2022-23,Foundational,Female,73.7
Punjab,2022-23,Foundational,Total,73.9
Punjab,2022-23,Preparatory,Male,108.0
Punjab,2022-23,Preparatory,Female,107.2
Punjab,2022-23,Preparatory,Total,107.7
Punjab,2022-23,Middle,Male,103.2
Punjab,2022-23,Middle,Female,105.4
Punjab,2022-23,Middle,Total,104.2
Punjab,2022-23,Secondary,Male,84.5
Punjab,2022-23,Secondary,Female,87.0
Punjab,2022-23,Secondary,Total,85.6
Rajasthan,2022-23,Foundational,Male,48.9
Rajasthan,2022-23,Foundational,Female,48.4
Rajasthan,2022-23,Foundational,Total,48.7
Rajasthan,2022-23,Preparatory,Male,100.0
Rajasthan,2022-23,Preparatory,Female,102.7
Rajasthan,2022-23,Preparatory,Total,101.2
Rajasthan,2022-23,Middle,Male,95.3
Rajasthan,2022-23,Middle,Female,92.8
Rajasthan,2022-23,Middle,Total,94.1
Rajasthan,2022-23,Secondary,Male,75.6
Rajasthan,2022-23,Secondary,Female,70.0
Rajasthan,2022-23,Secondary,Total,72.9
Sikkim,2022-23,Foundational,Male,89.3
Sikkim,2022-23,Foundational,Female,86.6
Sikkim,2022-23,Foundational,Total,88.0
Sikkim,2022-23,Preparatory,Male,98.7
Sikkim,2022-23,Preparatory,Female,94.0
Sikkim,2022-23,Preparatory,Total,96.4
Sikkim,2022-23,Middle,Male,77.6
Sikkim,2022-23,Middle,Female,77.6
Sikkim,2022-23,Middle,Total,77.6
Sikkim,2022-23,Secondary,Male,67.0
Sikkim,2022-23,Secondary,Female,76.6
Sikkim,2022-23,Secondary,Total,71.7
Tamil Nadu,2022-23,Foundational,Male,53.3
Tamil Nadu,2022-23,Foundational,Female,53.8
Tamil Nadu,2022-23,Foundational,Total,53.6
Tamil Nadu,2022-23,Preparatory,Male,96.0
Tamil Nadu,2022-23,Preparatory,Female,97.4
Tamil Nadu,2022-23,Preparatory,Total,96.6
Tamil Nadu,2022-23,Middle,Male,99.6
Tamil Nadu,2022-23,Middle,Female,99.4
Tamil Nadu,2022-23,Middle,Total,99.5
Tamil Nadu,2022-23,Secondary,Male,84.4
Tamil Nadu,2022-23,Secondary,Female,90.3
Tamil Nadu,2022-23,Secondary,Total,87.2
Telangana,2022-23,Foundational,Male,50.6
Telangana,2022-23,Foundational,Female,50.6
Telangana,2022-23,Foundational,Total,50.6
Telangana,2022-23,Preparatory,Male,108.3
Telangana,2022-23,Preparatory,Female,109.5
Telangana,2022-23,Preparatory,Total,108.9
Telangana,2022-23,Middle,Male,106.1
Telangana,2022-23,Middle,Female,105.9
Telangana,2022-23,Middle,Total,106.0
Telangana,2022-23,Secondary,Male,82.8
Telangana,2022-23,Secondary,Female,84.6
Telangana,2022-23,Secondary,Total,83.7
Tripura,2022-23,Foundational,Male,52.3
Tripura,2022-23,Foundational,Female,53.0
Tripura,2022-23,Foundational,Total,52.6
Tripura,2022-23,Preparatory,Male,118.1
Tripura,2022-23,Preparatory,Female,122.1
Tripura,2022-23,Preparatory,Total,120.1
Tripura,2022-23,Middle,Male,88.5
Tripura,2022-23,Middle,Female,93.2
Tripura,2022-23,Middle,Total,90.8
Tripura,2022-23,Secondary,Male,64.1
Tripura,2022-23,Secondary,Female,71.8
Tripura,2022-23,Secondary,Total,67.8
Uttar Pradesh,2022-23,Foundational,Male,31.4
Uttar Pradesh,2022-23,Foundational,Female,32.7
Uttar Pradesh,2022-23,Foundational,Total,32.0
Uttar Pradesh,2022-23,Preparatory,Male,83.9
Uttar Pradesh,2022-23,Preparatory,Female,89.3
Uttar Pradesh,2022-23,Preparatory,Total,86.4
Uttar Pradesh,2022-23,Middle,Male,75.2
Uttar Pradesh,2022-23,Middle,Female,79.8
Uttar Pradesh,2022-23,Middle,Total,77.4
Uttar Pradesh,2022-23,Secondary,Male,60.1
Uttar Pradesh,2022-23,Secondary,Female,57.5
Uttar Pradesh,2022-23,Secondary,Total,58.9
Uttarakhand,2022-23,Foundational,Male,50.9
Uttarakhand,2022-23,Foundational,Female,52.4
Uttarakhand,2022-23,Foundational,Total,51.6
Uttarakhand,2022-23,Preparatory,Male,107.1
Uttarakhand,2022-23,Preparatory,Female,111.2
Uttarakhand,2022-23,Preparatory,Total,109.0
Uttarakhand,2022-23,Middle,Male,99.2
Uttarakhand,2022-23,Middle,Female,101.8
Uttarakhand,2022-23,Middle,Total,100.4
Uttarakhand,2022-23,Secondary,Male,83.9
Uttarakhand,2022-23,Secondary,Female,87.3
Uttarakhand,2022-23,Secondary,Total,85.5
West Bengal,2022-23,Foundational,Male,53.0
West Bengal,2022-23,Foundational,Female,54.2
West Bengal,2022-23,Foundational,Total,53.6
West Bengal,2022-23,Preparatory,Male,105.3
West Bengal,2022-23,Preparatory,Female,106.7
West Bengal,2022-23,Preparatory,Total,106.0
West Bengal,2022-23,Middle,Male,97.8
West Bengal,2022-23,Middle,Female,99.2
West Bengal,2022-23,Middle,Total,98.5
West Bengal,2022-23,Secondary,Male,74.6
West Bengal,2022-23,Secondary,Female,88.2
West Bengal,2022-23,Secondary,Total,81.2
Andaman & Nicobar Islands,2023-24,Foundational,Male,65.0
Andaman & Nicobar Islands,2023-24,Foundational,Female,63.5
Andaman & Nicobar Islands,2023-24,Foundational,Total,64.3
Andaman & Nicobar Islands,2023-24,Preparatory,Male,86.5
Andaman & Nicobar Islands,2023-24,Preparatory,Female,87.9
Andaman & Nicobar Islands,2023-24,Preparatory,Total,87.2
Andaman & Nicobar Islands,2023-24,Middle,Male,93.0
Andaman & Nicobar Islands,2023-24,Middle,Female,94.9
Andaman & Nicobar Islands,2023-24,Middle,Total,93.9
Andaman & Nicobar Islands,2023-24,Secondary,Male,82.4
Andaman & Nicobar Islands,2023-24,Secondary,Female,95.8
Andaman & Nicobar Islands,2023-24,Secondary,Total,88.6
Andhra Pradesh,2023-24,Foundational,Male,47.9
Andhra Pradesh,2023-24,Foundational,Female,47.2
Andhra Pradesh,2023-24,Foundational,Total,47.6
Andhra Pradesh,2023-24,Preparatory,Male,100.4
Andhra Pradesh,2023-24,Preparatory,Female,100.3
Andhra Pradesh,2023-24,Preparatory,Total,100.3
Andhra Pradesh,2023-24,Middle,Male,102.5
Andhra Pradesh,2023-24,Middle,Female,100.4
Andhra Pradesh,2023-24,Middle,Total,101.5
Andhra Pradesh,2023-24,Secondary,Male,78.6
Andhra Pradesh,2023-24,Secondary,Female,79.9
Andhra Pradesh,2023-24,Secondary,Total,79.2
Arunachal Pradesh,2023-24,Foundational,Male,71.0
Arunachal Pradesh,2023-24,Foundational,Female,71.3
Arunachal Pradesh,2023-24,Foundational,Total,71.1
Arunachal Pradesh,2023-24,Preparatory,Male,100.2
Arunachal Pradesh,2023-24,Preparatory,Female,102.7
Arunachal Pradesh,2023-24,Preparatory,Total,101.4
Arunachal Pradesh,2023-24,Middle,Male,85.7
Arunachal Pradesh,2023-24,Middle,Female,92.9
Arunachal Pradesh,2023-24,Middle,Total,89.3
Arunachal Pradesh,2023-24,Secondary,Male,54.3
Arunachal Pradesh,2023-24,Secondary,Female,59.7
Arunachal Pradesh,2023-24,Secondary,Total,57.0
Assam,2023-24,Foundational,Male,50.6
Assam,2023-24,Foundational,Female,52.1
Assam,2023-24,Foundational,Total,51.3
Assam,2023-24,Preparatory,Male,105.5
Assam,2023-24,Preparatory,Female,111.8
Assam,2023-24,Preparatory,Total,108.5
Assam,2023-24,Middle,Male,85.4
Assam,2023-24,Middle,Female,97.3
Assam,2023-24,Middle,Total,91.2
Assam,2023-24,Secondary,Male,51.2
Assam,2023-24,Secondary,Female,61.6
Assam,2023-24,Secondary,Total,56.3
Bihar,2023-24,Foundational,Male,25.1
Bihar,2023-24,Foundational,Female,24.2
Bihar,2023-24,Foundational,Total,24.7
Bihar,2023-24,Preparatory,Male,94.5
Bihar,2023-24,Preparatory,Female,97.5
Bihar,2023-24,Preparatory,Total,95.9
Bihar,2023-24,Middle,Male,67.3
Bihar,2023-24,Middle,Female,69.5
Bihar,2023-24,Middle,Total,68.4
Bihar,2023-24,Secondary,Male,35.9
Bihar,2023-24,Secondary,Female,39.8
Bihar,2023-24,Secondary,Total,37.8
Chandigarh,2023-24,Foundational,Male,66.7
Chandigarh,2023-24,Foundational,Female,68.2
Chandigarh,2023-24,Foundational,Total,67.5
Chandigarh,2023-24,Preparatory,Male,109.4
Chandigarh,2023-24,Preparatory,Female,119.9
Chandigarh,2023-24,Preparatory,Total,114.1
Chandigarh,2023-24,Middle,Male,114.7
Chandigarh,2023-24,Middle,Female,129.3
Chandigarh,2023-24,Middle,Total,121.1
Chandigarh,2023-24,Secondary,Male,101.5
Chandigarh,2023-24,Secondary,Female,120.2
Chandigarh,2023-24,Secondary,Total,109.5
Chhattisgarh,2023-24,Foundational,Male,46.2
Chhattisgarh,2023-24,Foundational,Female,45.9
Chhattisgarh,2023-24,Foundational,Total,46.1
Chhattisgarh,2023-24,Preparatory,Male,90.3
Chhattisgarh,2023-24,Preparatory,Female,91.2
Chhattisgarh,2023-24,Preparatory,Total,90.7
Chhattisgarh,2023-24,Middle,Male,89.4
Chhattisgarh,2023-24,Middle,Female,91.0
Chhattisgarh,2023-24,Middle,Total,90.2
Chhattisgarh,2023-24,Secondary,Male,59.2
Chhattisgarh,2023-24,Secondary,Female,69.1
Chhattisgarh,2023-24,Secondary,Total,64.1
Dadra & Nagar Haveli and Daman & Diu,2023-24,Foundational,Male,57.0
Dadra & Nagar Haveli and Daman & Diu,2023-24,Foundational,Female,55.5
Dadra & Nagar Haveli and Daman & Diu,2023-24,Foundational,Total,56.3
Dadra & Nagar Haveli and Daman & Diu,2023-24,Preparatory,Male,105.6
Dadra & Nagar Haveli and Daman & Diu,2023-24,Preparatory,Female,108.7
Dadra & Nagar Haveli and Daman & Diu,2023-24,Preparatory,Total,107.0
Dadra & Nagar Haveli and Daman & Diu,2023-24,Middle,Male,105.7
Dadra & Nagar Haveli and Daman & Diu,2023-24,Middle,Female,110.0
Dadra & Nagar Haveli and Daman & Diu,2023-24,Middle,Total,107.7
Dadra & Nagar Haveli and Daman & Diu,2023-24,Secondary,Male,68.1
Dadra & Nagar Haveli and Daman & Diu,2023-24,Secondary,Female,95.3
Dadra & Nagar Haveli and Daman & Diu,2023-24,Secondary,Total,79.2
Delhi,2023-24,Foundational,Male,48.8
Delhi,2023-24,Foundational,Female,53.5
Delhi,2023-24,Foundational,Total,51.0
Delhi,2023-24,Preparatory,Male,103.3
Delhi,2023-24,Preparatory,Female,111.0
Delhi,2023-24,Preparatory,Total,106.8
Delhi,2023-24,Middle,Male,112.7
Delhi,2023-24,Middle,Female,117.9
Delhi,2023-24,Middle,Total,115.0
Delhi,2023-24,Secondary,Male,88.0
Delhi,2023-24,Secondary,Female,94.5
Delhi,2023-24,Secondary,Total,91.0
Goa,2023-24,Foundational,Male,73.4
Goa,2023-24,Foundational,Female,70.6
Goa,2023-24,Foundational,Total,72.0
Goa,2023-24,Preparatory,Male,119.4
Goa,2023-24,Preparatory,Female,118.3
Goa,2023-24,Preparatory,Total,118.9
Goa,2023-24,Middle,Male,112.9
Goa,2023-24,Middle,Female,118.1
Goa,2023-24,Middle,Total,115.3
Goa,2023-24,Secondary,Male,95.6
Goa,2023-24,Secondary,Female,105.6
Goa,2023-24,Secondary,Total,100.3
Gujarat,2023-24,Foundational,Male,35.3
Gujarat,2023-24,Foundational,Female,36.5
Gujarat,2023-24,Foundational,Total,35.9
Gujarat,2023-24,Preparatory,Male,91.3
Gujarat,2023-24,Preparatory,Female,95.6
Gujarat,2023-24,Preparatory,Total,93.3
Gujarat,2023-24,Middle,Male,91.5
Gujarat,2023-24,Middle,Female,93.1
Gujarat,2023-24,Middle,Total,92.2
Gujarat,2023-24,Secondary,Male,58.4
Gujarat,2023-24,Secondary,Female,59.0
Gujarat,2023-24,Secondary,Total,58.7
Haryana,2023-24,Foundational,Male,39.3
Haryana,2023-24,Foundational,Female,39.7
Haryana,2023-24,Foundational,Total,39.5
Haryana,2023-24,Preparatory,Male,98.7
Haryana,2023-24,Preparatory,Female,99.0
Haryana,2023-24,Preparatory,Total,98.8
Haryana,2023-24,Middle,Male,100.9
Haryana,2023-24,Middle,Female,100.8
Haryana,2023-24,Middle,Total,100.9
Haryana,2023-24,Secondary,Male,76.4
Haryana,2023-24,Secondary,Female,77.7
Haryana,2023-24,Secondary,Total,77.0
Himachal Pradesh,2023-24,Foundational,Male,67.8
Himachal Pradesh,2023-24,Foundational,Female,67.6
Himachal Pradesh,2023-24,Foundational,Total,67.7
Himachal Pradesh,2023-24,Preparatory,Male,107.8
Himachal Pradesh,2023-24,Preparatory,Female,108.9
Himachal Pradesh,2023-24,Preparatory,Total,108.3
Himachal Pradesh,2023-24,Middle,Male,102.8
Himachal Pradesh,2023-24,Middle,Female,104.9
Himachal Pradesh,2023-24,Middle,Total,103.8
Himachal Pradesh,2023-24,Secondary,Male,88.5
Himachal Pradesh,2023-24,Secondary,Female,93.3
Himachal Pradesh,2023-24,Secondary,Total,90.7
Jammu & Kashmir,2023-24,Foundational,Male,92.0
Jammu & Kashmir,2023-24,Foundational,Female,90.3
Jammu & Kashmir,2023-24,Foundational,Total,91.2
Jammu & Kashmir,2023-24,Preparatory,Male,102.2
Jammu & Kashmir,2023-24,Preparatory,Female,103.5
Jammu & Kashmir,2023-24,Preparatory,Total,102.8
Jammu & Kashmir,2023-24,Middle,Male,75.6
Jammu & Kashmir,2023-24,Middle,Female,78.5
Jammu & Kashmir,2023-24,Middle,Total,77.0
Jammu & Kashmir,2023-24,Secondary,Male,52.0
Jammu & Kashmir,2023-24,Secondary,Female,54.8
Jammu & Kashmir,2023-24,Secondary,Total,53.7
Jharkhand,2023-24,Foundational,Male,39.3
Jharkhand,2023-24,Foundational,Female,38.3
Jharkhand,2023-24,Foundational,Total,38.9
Jharkhand,2023-24,Preparatory,Male,92.2
Jharkhand,2023-24,Preparatory,Female,92.6
Jharkhand,2023-24,Preparatory,Total,92.4
Jharkhand,2023-24,Middle,Male,81.9
Jharkhand,2023-24,Middle,Female,83.1
Jharkhand,2023-24,Middle,Total,82.5
Jharkhand,2023-24,Secondary,Male,49.3
Jharkhand,2023-24,Secondary,Female,53.0
Jharkhand,2023-24,Secondary,Total,51.1
Karnataka,2023-24,Foundational,Male,42.1
Karnataka,2023-24,Foundational,Female,42.3
Karnataka,2023-24,Foundational,Total,42.2
Karnataka,2023-24,Preparatory,Male,108.6
Karnataka,2023-24,Preparatory,Female,109.9
Karnataka,2023-24,Preparatory,Total,109.3
Karnataka,2023-24,Middle,Male,104.6
Karnataka,2023-24,Middle,Female,103.9
Karnataka,2023-24,Middle,Total,104.2
Karnataka,2023-24,Secondary,Male,76.1
Karnataka,2023-24,Secondary,Female,82.2
Karnataka,2023-24,Secondary,Total,79.0
Kerala,2023-24,Foundational,Male,56.1
Kerala,2023-24,Foundational,Female,56.1
Kerala,2023-24,Foundational,Total,56.1
Kerala,2023-24,Preparatory,Male,98.1
Kerala,2023-24,Preparatory,Female,97.9
Kerala,2023-24,Preparatory,Total,98.0
Kerala,2023-24,Middle,Male,99.7
Kerala,2023-24,Middle,Female,100.0
Kerala,2023-24,Middle,Total,99.9
Kerala,2023-24,Secondary,Male,91.9
Kerala,2023-24,Secondary,Female,94.2
Kerala,2023-24,Secondary,Total,93.0
Ladakh,2023-24,Foundational,Male,85.8
Ladakh,2023-24,Foundational,Female,80.1
Ladakh,2023-24,Foundational,Total,82.9
Ladakh,2023-24,Preparatory,Male,107.6
Ladakh,2023-24,Preparatory,Female,108.7
Ladakh,2023-24,Preparatory,Total,108.1
Ladakh,2023-24,Middle,Male,79.5
Ladakh,2023-24,Middle,Female,94.1
Ladakh,2023-24,Middle,Total,86.4
Ladakh,2023-24,Secondary,Male,60.1
Ladakh,2023-24,Secondary,Female,72.3
Ladakh,2023-24,Secondary,Total,66.0
Lakshadweep,2023-24,Foundational,Male,62.5
Lakshadweep,2023-24,Foundational,Female,61.5
Lakshadweep,2023-24,Foundational,Total,62.1
Lakshadweep,2023-24,Preparatory,Male,98.9
Lakshadweep,2023-24,Preparatory,Female,94.3
Lakshadweep,2023-24,Preparatory,Total,96.6
Lakshadweep,2023-24,Middle,Male,79.3
Lakshadweep,2023-24,Middle,Female,81.3
Lakshadweep,2023-24,Middle,Total,80.3
Lakshadweep,2023-24,Secondary,Male,72.8
Lakshadweep,2023-24,Secondary,Female,71.5
Lakshadweep,2023-24,Secondary,Total,72.1
Madhya Pradesh,2023-24,Foundational,Male,40.8
Madhya Pradesh,2023-24,Foundational,Female,39.3
Madhya Pradesh,2023-24,Foundational,Total,40.1
Madhya Pradesh,2023-24,Preparatory,Male,81.5
Madhya Pradesh,2023-24,Preparatory,Female,81.1
Madhya Pradesh,2023-24,Preparatory,Total,81.3
Madhya Pradesh,2023-24,Middle,Male,82.8
Madhya Pradesh,2023-24,Middle,Female,82.1
Madhya Pradesh,2023-24,Middle,Total,82.4
Madhya Pradesh,2023-24,Secondary,Male,55.4
Madhya Pradesh,2023-24,Secondary,Female,55.7
Madhya Pradesh,2023-24,Secondary,Total,55.5
Maharashtra,2023-24,Foundational,Male,40.2
Maharashtra,2023-24,Foundational,Female,42.7
Maharashtra,2023-24,Foundational,Total,41.4
Maharashtra,2023-24,Preparatory,Male,99.3
Maharashtra,2023-24,Preparatory,Female,105.6
Maharashtra,2023-24,Preparatory,Total,102.2
Maharashtra,2023-24,Middle,Male,97.6
Maharashtra,2023-24,Middle,Female,98.8
Maharashtra,2023-24,Middle,Total,98.2
Maharashtra,2023-24,Secondary,Male,80.6
Maharashtra,2023-24,Secondary,Female,80.8
Maharashtra,2023-24,Secondary,Total,80.7
Manipur,2023-24,Foundational,Male,84.2
Manipur,2023-24,Foundational,Female,85.0
Manipur,2023-24,Foundational,Total,84.6
Manipur,2023-24,Preparatory,Male,122.2
Manipur,2023-24,Preparatory,Female,126.5
Manipur,2023-24,Preparatory,Total,124.3
Manipur,2023-24,Middle,Male,89.2
Manipur,2023-24,Middle,Female,93.4
Manipur,2023-24,Middle,Total,91.2
Manipur,2023-24,Secondary,Male,65.4
Manipur,2023-24,Secondary,Female,66.9
Manipur,2023-24,Secondary,Total,66.1
Meghalaya,2023-24,Foundational,Male,123.1
Meghalaya,2023-24,Foundational,Female,122.3
Meghalaya,2023-24,Foundational,Total,122.7
Meghalaya,2023-24,Preparatory,Male,154.9
Meghalaya,2023-24,Preparatory,Female,161.4
Meghalaya,2023-24,Preparatory,Total,158.1
Meghalaya,2023-24,Middle,Male,105.8
Meghalaya,2023-24,Middle,Female,125.2
Meghalaya,2023-24,Middle,Total,115.3
Meghalaya,2023-24,Secondary,Male,52.3
Meghalaya,2023-24,Secondary,Female,71.4
Meghalaya,2023-24,Secondary,Total,61.7
Mizoram,2023-24,Foundational,Male,98.9
Mizoram,2023-24,Foundational,Female,100.9
Mizoram,2023-24,Foundational,Total,99.9
Mizoram,2023-24,Preparatory,Male,130.2
Mizoram,2023-24,Preparatory,Female,130.5
Mizoram,2023-24,Preparatory,Total,130.3
Mizoram,2023-24,Middle,Male,111.5
Mizoram,2023-24,Middle,Female,116.1
Mizoram,2023-24,Middle,Total,113.7
Mizoram,2023-24,Secondary,Male,69.9
Mizoram,2023-24,Secondary,Female,79.2
Mizoram,2023-24,Secondary,Total,74.5
Nagaland,2023-24,Foundational,Male,76.3
Nagaland,2023-24,Foundational,Female,77.7
Nagaland,2023-24,Foundational,Total,77.0
Nagaland,2023-24,Preparatory,Male,85.6
Nagaland,2023-24,Preparatory,Female,89.4
Nagaland,2023-24,Preparatory,Total,87.4
Nagaland,2023-24,Middle,Male,68.5
Nagaland,2023-24,Middle,Female,75.7
Nagaland,2023-24,Middle,Total,72.0
Nagaland,2023-24,Secondary,Male,45.9
Nagaland,2023-24,Secondary,Female,54.3
Nagaland,2023-24,Secondary,Total,50.0
Odisha,2023-24,Foundational,Male,35.6
Odisha,2023-24,Foundational,Female,35.2
Odisha,2023-24,Foundational,Total,35.4
Odisha,2023-24,Preparatory,Male,97.4
Odisha,2023-24,Preparatory,Female,96.8
Odisha,2023-24,Preparatory,Total,97.1
Odisha,2023-24,Middle,Male,97.1
Odisha,2023-24,Middle,Female,96.2
Odisha,2023-24,Middle,Total,96.7
Odisha,2023-24,Secondary,Male,69.0
Odisha,2023-24,Secondary,Female,71.5
Odisha,2023-24,Secondary,Total,70.2
Puducherry,2023-24,Foundational,Male,65.5
Puducherry,2023-24,Foundational,Female,63.4
Puducherry,2023-24,Foundational,Total,64.5
Puducherry,2023-24,Preparatory,Male,94.7
Puducherry,2023-24,Preparatory,Female,95.5
Puducherry,2023-24,Preparatory,Total,95.0
Puducherry,2023-24,Middle,Male,98.1
Puducherry,2023-24,Middle,Female,101.6
Puducherry,2023-24,Middle,Total,99.8
Puducherry,2023-24,Secondary,Male,90.8
Puducherry,2023-24,Secondary,Female,102.7
Puducherry,2023-24,Secondary,Total,96.4
Punjab,2023-24,Foundational,Male,79.8
Punjab,2023-24,Foundational,Female,79.3
Punjab,2023-24,Foundational,Total,79.6
Punjab,2023-24,Preparatory,Male,108.2
Punjab,2023-24,Preparatory,Female,108.2
Punjab,2023-24,Preparatory,Total,108.2
Punjab,2023-24,Middle,Male,102.0
Punjab,2023-24,Middle,Female,103.1
Punjab,2023-24,Middle,Total,102.5
Punjab,2023-24,Secondary,Male,83.7
Punjab,2023-24,Secondary,Female,87.8
Punjab,2023-24,Secondary,Total,85.5
Rajasthan,2023-24,Foundational,Male,45.5
Rajasthan,2023-24,Foundational,Female,44.5
Rajasthan,2023-24,Foundational,Total,45.0
Rajasthan,2023-24,Preparatory,Male,95.2
Rajasthan,2023-24,Preparatory,Female,98.7
Rajasthan,2023-24,Preparatory,Total,96.8
Rajasthan,2023-24,Middle,Male,91.2
Rajasthan,2023-24,Middle,Female,91.1
Rajasthan,2023-24,Middle,Total,91.1
Rajasthan,2023-24,Secondary,Male,72.3
Rajasthan,2023-24,Secondary,Female,69.7
Rajasthan,2023-24,Secondary,Total,71.1
Sikkim,2023-24,Foundational,Male,87.5
Sikkim,2023-24,Foundational,Female,85.6
Sikkim,2023-24,Foundational,Total,86.6
Sikkim,2023-24,Preparatory,Male,97.7
Sikkim,2023-24,Preparatory,Female,92.7
Sikkim,2023-24,Preparatory,Total,95.3
Sikkim,2023-24,Middle,Male,77.5
Sikkim,2023-24,Middle,Female,78.6
Sikkim,2023-24,Middle,Total,78.0
Sikkim,2023-24,Secondary,Male,61.5
Sikkim,2023-24,Secondary,Female,69.1
Sikkim,2023-24,Secondary,Total,65.2
Tamil Nadu,2023-24,Foundational,Male,54.9
Tamil Nadu,2023-24,Foundational,Female,55.5
Tamil Nadu,2023-24,Foundational,Total,55.2
Tamil Nadu,2023-24,Preparatory,Male,96.2
Tamil Nadu,2023-24,Preparatory,Female,97.7
Tamil Nadu,2023-24,Preparatory,Total,96.9
Tamil Nadu,2023-24,Middle,Male,101.5
Tamil Nadu,2023-24,Middle,Female,101.7
Tamil Nadu,2023-24,Middle,Total,101.6
Tamil Nadu,2023-24,Secondary,Male,86.5
Tamil Nadu,2023-24,Secondary,Female,92.5
Tamil Nadu,2023-24,Secondary,Total,89.5
Telangana,2023-24,Foundational,Male,57.0
Telangana,2023-24,Foundational,Female,56.6
Telangana,2023-24,Foundational,Total,56.8
Telangana,2023-24,Preparatory,Male,109.5
Telangana,2023-24,Preparatory,Female,111.2
Telangana,2023-24,Preparatory,Total,110.3
Telangana,2023-24,Middle,Male,108.9
Telangana,2023-24,Middle,Female,110.2
Telangana,2023-24,Middle,Total,109.5
Telangana,2023-24,Secondary,Male,81.1
Telangana,2023-24,Secondary,Female,85.2
Telangana,2023-24,Secondary,Total,83.1
Tripura,2023-24,Foundational,Male,52.4
Tripura,2023-24,Foundational,Female,52.8
Tripura,2023-24,Foundational,Total,52.6
Tripura,2023-24,Preparatory,Male,119.2
Tripura,2023-24,Preparatory,Female,123.7
Tripura,2023-24,Preparatory,Total,121.4
Tripura,2023-24,Middle,Male,95.0
Tripura,2023-24,Middle,Female,100.3
Tripura,2023-24,Middle,Total,97.6
Tripura,2023-24,Secondary,Male,63.7
Tripura,2023-24,Secondary,Female,71.0
Tripura,2023-24,Secondary,Total,67.2
Uttar Pradesh,2023-24,Foundational,Male,32.0
Uttar Pradesh,2023-24,Foundational,Female,31.8
Uttar Pradesh,2023-24,Foundational,Total,31.9
Uttar Pradesh,2023-24,Preparatory,Male,85.7
Uttar Pradesh,2023-24,Preparatory,Female,87.9
Uttar Pradesh,2023-24,Preparatory,Total,86.7
Uttar Pradesh,2023-24,Middle,Male,77.6
Uttar Pradesh,2023-24,Middle,Female,80.2
Uttar Pradesh,2023-24,Middle,Total,78.8
Uttar Pradesh,2023-24,Secondary,Male,59.7
Uttar Pradesh,2023-24,Secondary,Female,57.1
Uttar Pradesh,2023-24,Secondary,Total,58.5
Uttarakhand,2023-24,Foundational,Male,54.4
Uttarakhand,2023-24,Foundational,Female,55.7
Uttarakhand,2023-24,Foundational,Total,55.0
Uttarakhand,2023-24,Preparatory,Male,109.3
Uttarakhand,2023-24,Preparatory,Female,114.6
Uttarakhand,2023-24,Preparatory,Total,111.7
Uttarakhand,2023-24,Middle,Male,101.3
Uttarakhand,2023-24,Middle,Female,104.9
Uttarakhand,2023-24,Middle,Total,103.0
Uttarakhand,2023-24,Secondary,Male,80.6
Uttarakhand,2023-24,Secondary,Female,86.2
Uttarakhand,2023-24,Secondary,Total,83.2
West Bengal,2023-24,Foundational,Male,55.0
West Bengal,2023-24,Foundational,Female,56.2
West Bengal,2023-24,Foundational,Total,55.6
West Bengal,2023-24,Preparatory,Male,108.4
West Bengal,2023-24,Preparatory,Female,109.9
West Bengal,2023-24,Preparatory,Total,109.1
West Bengal,2023-24,Middle,Male,101.2
West Bengal,2023-24,Middle,Female,103.2
West Bengal,2023-24,Middle,Total,102.2
West Bengal,2023-24,Secondary,Male,77.4
West Bengal,2023-24,Secondary,Female,89.6
West Bengal,2023-24,Secondary,Total,83.4
Andaman & Nicobar Islands,2024-25,Foundational,Male,67.9
Andaman & Nicobar Islands,2024-25,Foundational,Female,66.6
Andaman & Nicobar Islands,2024-25,Foundational,Total,67.3
Andaman & Nicobar Islands,2024-25,Preparatory,Male,83.2
Andaman & Nicobar Islands,2024-25,Preparatory,Female,84.1
Andaman & Nicobar Islands,2024-25,Preparatory,Total,83.6
Andaman & Nicobar Islands,2024-25,Middle,Male,89.4
Andaman & Nicobar Islands,2024-25,Middle,Female,95.0
Andaman & Nicobar Islands,2024-25,Middle,Total,92.1
Andaman & Nicobar Islands,2024-25,Secondary,Male,82.9
Andaman & Nicobar Islands,2024-25,Secondary,Female,96.2
Andaman & Nicobar Islands,2024-25,Secondary,Total,89.1
Andhra Pradesh,2024-25,Foundational,Male,48.9
Andhra Pradesh,2024-25,Foundational,Female,48.2
Andhra Pradesh,2024-25,Foundational,Total,48.5
Andhra Pradesh,2024-25,Preparatory,Male,90.6
Andhra Pradesh,2024-25,Preparatory,Female,91.7
Andhra Pradesh,2024-25,Preparatory,Total,91.1
Andhra Pradesh,2024-25,Middle,Male,100.1
Andhra Pradesh,2024-25,Middle,Female,102.0
Andhra Pradesh,2024-25,Middle,Total,101.0
Andhra Pradesh,2024-25,Secondary,Male,76.7
Andhra Pradesh,2024-25,Secondary,Female,80.4
Andhra Pradesh,2024-25,Secondary,Total,78.5
Arunachal Pradesh,2024-25,Foundational,Male,73.2
Arunachal Pradesh,2024-25,Foundational,Female,72.7
Arunachal Pradesh,2024-25,Foundational,Total,73.0
Arunachal Pradesh,2024-25,Preparatory,Male,99.7
Arunachal Pradesh,2024-25,Preparatory,Female,102.5
Arunachal Pradesh,2024-25,Preparatory,Total,101.1
Arunachal Pradesh,2024-25,Middle,Male,83.4
Arunachal Pradesh,2024-25,Middle,Female,90.5
Arunachal Pradesh,2024-25,Middle,Total,86.9
Arunachal Pradesh,2024-25,Secondary,Male,54.1
Arunachal Pradesh,2024-25,Secondary,Female,59.4
Arunachal Pradesh,2024-25,Secondary,Total,56.7
Assam,2024-25,Foundational,Male,52.6
Assam,2024-25,Foundational,Female,53.8
Assam,2024-25,Foundational,Total,53.2
Assam,2024-25,Preparatory,Male,105.2
Assam,2024-25,Preparatory,Female,111.8
Assam,2024-25,Preparatory,Total,108.4
Assam,2024-25,Middle,Male,84.6
Assam,2024-25,Middle,Female,98.2
Assam,2024-25,Middle,Total,91.1
Assam,2024-25,Secondary,Male,55.0
Assam,2024-25,Secondary,Female,68.2
Assam,2024-25,Secondary,Total,61.5
Bihar,2024-25,Foundational,Male,24.6
Bihar,2024-25,Foundational,Female,24.3
Bihar,2024-25,Foundational,Total,24.5
Bihar,2024-25,Preparatory,Male,84.4
Bihar,2024-25,Preparatory,Female,88.8
Bihar,2024-25,Preparatory,Total,86.5
Bihar,2024-25,Middle,Male,65.9
Bihar,2024-25,Middle,Female,72.2
Bihar,2024-25,Middle,Total,68.9
Bihar,2024-25,Secondary,Male,41.9
Bihar,2024-25,Secondary,Female,47.6
Bihar,2024-25,Secondary,Total,44.7
Chandigarh,2024-25,Foundational,Male,59.9
Chandigarh,2024-25,Foundational,Female,62.6
Chandigarh,2024-25,Foundational,Total,61.2
Chandigarh,2024-25,Preparatory,Male,102.8
Chandigarh,2024-25,Preparatory,Female,114.4
Chandigarh,2024-25,Preparatory,Total,108.0
Chandigarh,2024-25,Middle,Male,112.0
Chandigarh,2024-25,Middle,Female,131.2
Chandigarh,2024-25,Middle,Total,120.3
Chandigarh,2024-25,Secondary,Male,99.9
Chandigarh,2024-25,Secondary,Female,120.7
Chandigarh,2024-25,Secondary,Total,108.7
Chhattisgarh,2024-25,Foundational,Male,48.0
Chhattisgarh,2024-25,Foundational,Female,47.7
Chhattisgarh,2024-25,Foundational,Total,47.9
Chhattisgarh,2024-25,Preparatory,Male,89.1
Chhattisgarh,2024-25,Preparatory,Female,90.6
Chhattisgarh,2024-25,Preparatory,Total,89.9
Chhattisgarh,2024-25,Middle,Male,89.6
Chhattisgarh,2024-25,Middle,Female,93.0
Chhattisgarh,2024-25,Middle,Total,91.3
Chhattisgarh,2024-25,Secondary,Male,60.2
Chhattisgarh,2024-25,Secondary,Female,71.2
Chhattisgarh,2024-25,Secondary,Total,65.6
Dadra & Nagar Haveli and Daman & Diu,2024-25,Foundational,Male,61.4
Dadra & Nagar Haveli and Daman & Diu,2024-25,Foundational,Female,58.8
Dadra & Nagar Haveli and Daman & Diu,2024-25,Foundational,Total,60.2
Dadra & Nagar Haveli and Daman & Diu,2024-25,Preparatory,Male,106.3
Dadra & Nagar Haveli and Daman & Diu,2024-25,Preparatory,Female,109.5
Dadra & Nagar Haveli and Daman & Diu,2024-25,Preparatory,Total,107.8
Dadra & Nagar Haveli and Daman & Diu,2024-25,Middle,Male,107.3
Dadra & Nagar Haveli and Daman & Diu,2024-25,Middle,Female,117.3
Dadra & Nagar Haveli and Daman & Diu,2024-25,Middle,Total,111.8
Dadra & Nagar Haveli and Daman & Diu,2024-25,Secondary,Male,73.4
Dadra & Nagar Haveli and Daman & Diu,2024-25,Secondary,Female,105.1
Dadra & Nagar Haveli and Daman & Diu,2024-25,Secondary,Total,86.4
Delhi,2024-25,Foundational,Male,50.0
Delhi,2024-25,Foundational,Female,54.8
Delhi,2024-25,Foundational,Total,52.2
Delhi,2024-25,Preparatory,Male,100.5
Delhi,2024-25,Preparatory,Female,110.1
Delhi,2024-25,Preparatory,Total,104.8
Delhi,2024-25,Middle,Male,113.1
Delhi,2024-25,Middle,Female,122.0
Delhi,2024-25,Middle,Total,117.1
Delhi,2024-25,Secondary,Male,88.3
Delhi,2024-25,Secondary,Female,95.7
Delhi,2024-25,Secondary,Total,91.7
Goa,2024-25,Foundational,Male,72.2
Goa,2024-25,Foundational,Female,69.6
Goa,2024-25,Foundational,Total,70.9
Goa,2024-25,Preparatory,Male,118.0
Goa,2024-25,Preparatory,Female,118.1
Goa,2024-25,Preparatory,Total,118.1
Goa,2024-25,Middle,Male,112.6
Goa,2024-25,Middle,Female,120.3
Goa,2024-25,Middle,Total,116.2
Goa,2024-25,Secondary,Male,95.8
Goa,2024-25,Secondary,Female,106.4
Goa,2024-25,Secondary,Total,100.8
Gujarat,2024-25,Foundational,Male,35.5
Gujarat,2024-25,Foundational,Female,36.7
Gujarat,2024-25,Foundational,Total,36.1
Gujarat,2024-25,Preparatory,Male,90.1
Gujarat,2024-25,Preparatory,Female,95.8
Gujarat,2024-25,Preparatory,Total,92.7
Gujarat,2024-25,Middle,Male,90.9
Gujarat,2024-25,Middle,Female,95.1
Gujarat,2024-25,Middle,Total,92.8
Gujarat,2024-25,Secondary,Male,60.7
Gujarat,2024-25,Secondary,Female,61.4
Gujarat,2024-25,Secondary,Total,61.0
Haryana,2024-25,Foundational,Male,45.0
Haryana,2024-25,Foundational,Female,45.9
Haryana,2024-25,Foundational,Total,45.4
Haryana,2024-25,Preparatory,Male,94.7
Haryana,2024-25,Preparatory,Female,98.7
Haryana,2024-25,Preparatory,Total,96.5
Haryana,2024-25,Middle,Male,100.8
Haryana,2024-25,Middle,Female,104.6
Haryana,2024-25,Middle,Total,102.5
Haryana,2024-25,Secondary,Male,79.8
Haryana,2024-25,Secondary,Female,82.4
Haryana,2024-25,Secondary,Total,81.0
Himachal Pradesh,2024-25,Foundational,Male,70.4
Himachal Pradesh,2024-25,Foundational,Female,70.0
Himachal Pradesh,2024-25,Foundational,Total,70.2
Himachal Pradesh,2024-25,Preparatory,Male,104.5
Himachal Pradesh,2024-25,Preparatory,Female,106.9
Himachal Pradesh,2024-25,Preparatory,Total,105.6
Himachal Pradesh,2024-25,Middle,Male,101.4
Himachal Pradesh,2024-25,Middle,Female,105.4
Himachal Pradesh,2024-25,Middle,Total,103.2
Himachal Pradesh,2024-25,Secondary,Male,90.9
Himachal Pradesh,2024-25,Secondary,Female,96.5
Himachal Pradesh,2024-25,Secondary,Total,93.6
Jammu & Kashmir,2024-25,Foundational,Male,94.1
Jammu & Kashmir,2024-25,Foundational,Female,92.3
Jammu & Kashmir,2024-25,Foundational,Total,93.2
Jammu & Kashmir,2024-25,Preparatory,Male,104.4
Jammu & Kashmir,2024-25,Preparatory,Female,107.6
Jammu & Kashmir,2024-25,Preparatory,Total,105.9
Jammu & Kashmir,2024-25,Middle,Male,74.9
Jammu & Kashmir,2024-25,Middle,Female,80.0
Jammu & Kashmir,2024-25,Middle,Total,77.3
Jammu & Kashmir,2024-25,Secondary,Male,53.8
Jammu & Kashmir,2024-25,Secondary,Female,56.8
Jammu & Kashmir,2024-25,Secondary,Total,55.2
Jharkhand,2024-25,Foundational,Male,38.6
Jharkhand,2024-25,Foundational,Female,37.3
Jharkhand,2024-25,Foundational,Total,38.0
Jharkhand,2024-25,Preparatory,Male,95.9
Jharkhand,2024-25,Preparatory,Female,97.6
Jharkhand,2024-25,Preparatory,Total,96.7
Jharkhand,2024-25,Middle,Male,81.2
Jharkhand,2024-25,Middle,Female,85.3
Jharkhand,2024-25,Middle,Total,83.1
Jharkhand,2024-25,Secondary,Male,58.0
Jharkhand,2024-25,Secondary,Female,63.2
Jharkhand,2024-25,Secondary,Total,60.6
Karnataka,2024-25,Foundational,Male,41.5
Karnataka,2024-25,Foundational,Female,41.9
Karnataka,2024-25,Foundational,Total,41.7
Karnataka,2024-25,Preparatory,Male,106.6
Karnataka,2024-25,Preparatory,Female,109.0
Karnataka,2024-25,Preparatory,Total,107.7
Karnataka,2024-25,Middle,Male,101.8
Karnataka,2024-25,Middle,Female,103.9
Karnataka,2024-25,Middle,Total,102.8
Karnataka,2024-25,Secondary,Male,77.5
Karnataka,2024-25,Secondary,Female,85.3
Karnataka,2024-25,Secondary,Total,81.3
Kerala,2024-25,Foundational,Male,56.8
Kerala,2024-25,Foundational,Female,56.5
Kerala,2024-25,Foundational,Total,56.6
Kerala,2024-25,Preparatory,Male,93.1
Kerala,2024-25,Preparatory,Female,93.6
Kerala,2024-25,Preparatory,Total,93.3
Kerala,2024-25,Middle,Male,97.8
Kerala,2024-25,Middle,Female,100.1
Kerala,2024-25,Middle,Total,98.9
Kerala,2024-25,Secondary,Male,92.7
Kerala,2024-25,Secondary,Female,95.5
Kerala,2024-25,Secondary,Total,94.1
Ladakh,2024-25,Foundational,Male,88.2
Ladakh,2024-25,Foundational,Female,83.2
Ladakh,2024-25,Foundational,Total,85.7
Ladakh,2024-25,Preparatory,Male,106.6
Ladakh,2024-25,Preparatory,Female,109.1
Ladakh,2024-25,Preparatory,Total,107.8
Ladakh,2024-25,Middle,Male,76.8
Ladakh,2024-25,Middle,Female,93.0
Ladakh,2024-25,Middle,Total,84.3
Ladakh,2024-25,Secondary,Male,63.1
Ladakh,2024-25,Secondary,Female,78.2
Ladakh,2024-25,Secondary,Total,70.4
Lakshadweep,2024-25,Foundational,Male,63.0
Lakshadweep,2024-25,Foundational,Female,63.6
Lakshadweep,2024-25,Foundational,Total,63.3
Lakshadweep,2024-25,Preparatory,Male,103.1
Lakshadweep,2024-25,Preparatory,Female,96.2
Lakshadweep,2024-25,Preparatory,Total,99.7
Lakshadweep,2024-25,Middle,Male,80.9
Lakshadweep,2024-25,Middle,Female,81.3
Lakshadweep,2024-25,Middle,Total,81.1
Lakshadweep,2024-25,Secondary,Male,64.4
Lakshadweep,2024-25,Secondary,Female,66.3
Lakshadweep,2024-25,Secondary,Total,65.3
Madhya Pradesh,2024-25,Foundational,Male,40.5
Madhya Pradesh,2024-25,Foundational,Female,38.4
Madhya Pradesh,2024-25,Foundational,Total,39.5
Madhya Pradesh,2024-25,Preparatory,Male,80.5
Madhya Pradesh,2024-25,Preparatory,Female,81.4
Madhya Pradesh,2024-25,Preparatory,Total,81.0
Madhya Pradesh,2024-25,Middle,Male,81.1
Madhya Pradesh,2024-25,Middle,Female,82.7
Madhya Pradesh,2024-25,Middle,Total,81.8
Madhya Pradesh,2024-25,Secondary,Male,55.9
Madhya Pradesh,2024-25,Secondary,Female,57.6
Madhya Pradesh,2024-25,Secondary,Total,56.7
Maharashtra,2024-25,Foundational,Male,39.8
Maharashtra,2024-25,Foundational,Female,41.9
Maharashtra,2024-25,Foundational,Total,40.8
Maharashtra,2024-25,Preparatory,Male,101.9
Maharashtra,2024-25,Preparatory,Female,109.3
Maharashtra,2024-25,Preparatory,Total,105.3
Maharashtra,2024-25,Middle,Male,94.5
Maharashtra,2024-25,Middle,Female,98.9
Maharashtra,2024-25,Middle,Total,96.5
Maharashtra,2024-25,Secondary,Male,81.6
Maharashtra,2024-25,Secondary,Female,82.6
Maharashtra,2024-25,Secondary,Total,82.1
Manipur,2024-25,Foundational,Male,91.5
Manipur,2024-25,Foundational,Female,92.3
Manipur,2024-25,Foundational,Total,91.9
Manipur,2024-25,Preparatory,Male,128.9
Manipur,2024-25,Preparatory,Female,133.1
Manipur,2024-25,Preparatory,Total,130.9
Manipur,2024-25,Middle,Male,90.2
Manipur,2024-25,Middle,Female,95.6
Manipur,2024-25,Middle,Total,92.8
Manipur,2024-25,Secondary,Male,67.2
Manipur,2024-25,Secondary,Female,70.2
Manipur,2024-25,Secondary,Total,68.7
Meghalaya,2024-25,Foundational,Male,126.2
Meghalaya,2024-25,Foundational,Female,124.2
Meghalaya,2024-25,Foundational,Total,125.3
Meghalaya,2024-25,Preparatory,Male,161.2
Meghalaya,2024-25,Preparatory,Female,167.0
Meghalaya,2024-25,Preparatory,Total,164.0
Meghalaya,2024-25,Middle,Male,105.0
Meghalaya,2024-25,Middle,Female,126.8
Meghalaya,2024-25,Middle,Total,115.6
Meghalaya,2024-25,Secondary,Male,52.6
Meghalaya,2024-25,Secondary,Female,72.7
Meghalaya,2024-25,Secondary,Total,62.5
Mizoram,2024-25,Foundational,Male,99.0
Mizoram,2024-25,Foundational,Female,100.7
Mizoram,2024-25,Foundational,Total,99.9
Mizoram,2024-25,Preparatory,Male,121.7
Mizoram,2024-25,Preparatory,Female,122.4
Mizoram,2024-25,Preparatory,Total,122.0
Mizoram,2024-25,Middle,Male,101.9
Mizoram,2024-25,Middle,Female,106.9
Mizoram,2024-25,Middle,Total,104.3
Mizoram,2024-25,Secondary,Male,68.3
Mizoram,2024-25,Secondary,Female,79.3
Mizoram,2024-25,Secondary,Total,73.7
Nagaland,2024-25,Foundational,Male,80.4
Nagaland,2024-25,Foundational,Female,81.4
Nagaland,2024-25,Foundational,Total,80.9
Nagaland,2024-25,Preparatory,Male,85.4
Nagaland,2024-25,Preparatory,Female,89.0
Nagaland,2024-25,Preparatory,Total,87.1
Nagaland,2024-25,Middle,Male,67.1
Nagaland,2024-25,Middle,Female,75.2
Nagaland,2024-25,Middle,Total,71.0
Nagaland,2024-25,Secondary,Male,46.6
Nagaland,2024-25,Secondary,Female,54.8
Nagaland,2024-25,Secondary,Total,50.5
Odisha,2024-25,Foundational,Male,35.2
Odisha,2024-25,Foundational,Female,34.8
Odisha,2024-25,Foundational,Total,35.0
Odisha,2024-25,Preparatory,Male,94.4
Odisha,2024-25,Preparatory,Female,94.8
Odisha,2024-25,Preparatory,Total,94.6
Odisha,2024-25,Middle,Male,94.8
Odisha,2024-25,Middle,Female,96.4
Odisha,2024-25,Middle,Total,95.5
Odisha,2024-25,Secondary,Male,70.4
Odisha,2024-25,Secondary,Female,74.3
Odisha,2024-25,Secondary,Total,72.3
Puducherry,2024-25,Foundational,Male,66.6
Puducherry,2024-25,Foundational,Female,64.1
Puducherry,2024-25,Foundational,Total,65.3
Puducherry,2024-25,Preparatory,Male,91.1
Puducherry,2024-25,Preparatory,Female,92.5
Puducherry,2024-25,Preparatory,Total,91.8
Puducherry,2024-25,Middle,Male,96.1
Puducherry,2024-25,Middle,Female,101.4
Puducherry,2024-25,Middle,Total,98.6
Puducherry,2024-25,Secondary,Male,91.0
Puducherry,2024-25,Secondary,Female,103.5
Puducherry,2024-25,Secondary,Total,96.9
Punjab,2024-25,Foundational,Male,81.3
Punjab,2024-25,Foundational,Female,80.9
Punjab,2024-25,Foundational,Total,81.1
Punjab,2024-25,Preparatory,Male,104.3
Punjab,2024-25,Preparatory,Female,106.0
Punjab,2024-25,Preparatory,Total,105.1
Punjab,2024-25,Middle,Male,100.0
Punjab,2024-25,Middle,Female,103.2
Punjab,2024-25,Middle,Total,101.5
Punjab,2024-25,Secondary,Male,83.4
Punjab,2024-25,Secondary,Female,89.0
Punjab,2024-25,Secondary,Total,86.0
Rajasthan,2024-25,Foundational,Male,41.4
Rajasthan,2024-25,Foundational,Female,40.4
Rajasthan,2024-25,Foundational,Total,40.9
Rajasthan,2024-25,Preparatory,Male,92.4
Rajasthan,2024-25,Preparatory,Female,96.0
Rajasthan,2024-25,Preparatory,Total,94.1
Rajasthan,2024-25,Middle,Male,90.9
Rajasthan,2024-25,Middle,Female,93.5
Rajasthan,2024-25,Middle,Total,92.1
Rajasthan,2024-25,Secondary,Male,75.1
Rajasthan,2024-25,Secondary,Female,73.2
Rajasthan,2024-25,Secondary,Total,74.2
Sikkim,2024-25,Foundational,Male,91.1
Sikkim,2024-25,Foundational,Female,89.5
Sikkim,2024-25,Foundational,Total,90.3
Sikkim,2024-25,Preparatory,Male,95.0
Sikkim,2024-25,Preparatory,Female,91.4
Sikkim,2024-25,Preparatory,Total,93.3
Sikkim,2024-25,Middle,Male,74.3
Sikkim,2024-25,Middle,Female,77.5
Sikkim,2024-25,Middle,Total,75.8
Sikkim,2024-25,Secondary,Male,56.7
Sikkim,2024-25,Secondary,Female,63.7
Sikkim,2024-25,Secondary,Total,60.2
Tamil Nadu,2024-25,Foundational,Male,54.0
Tamil Nadu,2024-25,Foundational,Female,54.6
Tamil Nadu,2024-25,Foundational,Total,54.3
Tamil Nadu,2024-25,Preparatory,Male,90.5
Tamil Nadu,2024-25,Preparatory,Female,93.0
Tamil Nadu,2024-25,Preparatory,Total,91.7
Tamil Nadu,2024-25,Middle,Male,96.4
Tamil Nadu,2024-25,Middle,Female,98.9
Tamil Nadu,2024-25,Middle,Total,97.6
Tamil Nadu,2024-25,Secondary,Male,86.2
Tamil Nadu,2024-25,Secondary,Female,92.8
Tamil Nadu,2024-25,Secondary,Total,89.4
Telangana,2024-25,Foundational,Male,63.9
Telangana,2024-25,Foundational,Female,63.2
Telangana,2024-25,Foundational,Total,63.6
Telangana,2024-25,Preparatory,Male,109.0
Telangana,2024-25,Preparatory,Female,112.2
Telangana,2024-25,Preparatory,Total,110.5
Telangana,2024-25,Middle,Male,109.9
Telangana,2024-25,Middle,Female,113.5
Telangana,2024-25,Middle,Total,111.6
Telangana,2024-25,Secondary,Male,80.6
Telangana,2024-25,Secondary,Female,86.8
Telangana,2024-25,Secondary,Total,83.6
Tripura,2024-25,Foundational,Male,55.7
Tripura,2024-25,Foundational,Female,56.2
Tripura,2024-25,Foundational,Total,56.0
Tripura,2024-25,Preparatory,Male,115.8
Tripura,2024-25,Preparatory,Female,118.7
Tripura,2024-25,Preparatory,Total,117.2
Tripura,2024-25,Middle,Male,96.4
Tripura,2024-25,Middle,Female,103.7
Tripura,2024-25,Middle,Total,99.9
Tripura,2024-25,Secondary,Male,63.4
Tripura,2024-25,Secondary,Female,72.3
Tripura,2024-25,Secondary,Total,67.7
Uttar Pradesh,2024-25,Foundational,Male,31.9
Uttar Pradesh,2024-25,Foundational,Female,31.2
Uttar Pradesh,2024-25,Foundational,Total,31.6
Uttar Pradesh,2024-25,Preparatory,Male,89.6
Uttar Pradesh,2024-25,Preparatory,Female,91.8
Uttar Pradesh,2024-25,Preparatory,Total,90.6
Uttar Pradesh,2024-25,Middle,Male,81.8
Uttar Pradesh,2024-25,Middle,Female,86.3
Uttar Pradesh,2024-25,Middle,Total,83.9
Uttar Pradesh,2024-25,Secondary,Male,61.0
Uttar Pradesh,2024-25,Secondary,Female,60.8
Uttar Pradesh,2024-25,Secondary,Total,60.9
Uttarakhand,2024-25,Foundational,Male,58.8
Uttarakhand,2024-25,Foundational,Female,59.7
Uttarakhand,2024-25,Foundational,Total,59.2
Uttarakhand,2024-25,Preparatory,Male,109.7
Uttarakhand,2024-25,Preparatory,Female,116.1
Uttarakhand,2024-25,Preparatory,Total,112.6
Uttarakhand,2024-25,Middle,Male,101.0
Uttarakhand,2024-25,Middle,Female,107.2
Uttarakhand,2024-25,Middle,Total,103.9
Uttarakhand,2024-25,Secondary,Male,84.2
Uttarakhand,2024-25,Secondary,Female,90.4
Uttarakhand,2024-25,Secondary,Total,87.1
West Bengal,2024-25,Foundational,Male,52.6
West Bengal,2024-25,Foundational,Female,53.9
West Bengal,2024-25,Foundational,Total,53.2
West Bengal,2024-25,Preparatory,Male,107.2
West Bengal,2024-25,Preparatory,Female,109.3
West Bengal,2024-25,Preparatory,Total,108.2
West Bengal,2024-25,Middle,Male,99.1
West Bengal,2024-25,Middle,Female,103.8
West Bengal,2024-25,Middle,Total,101.4
West Bengal,2024-25,Secondary,Male,70.0
West Bengal,2024-25,Secondary,Female,80.6
West Bengal,2024-25,Secondary,Total,75.2
